BEGIN:VCALENDAR
VERSION:2.0
PRODID:-//datepatterns//school holidays//EN
CALSCALE:GREGORIAN
METHOD:PUBLISH
BEGIN:VEVENT
UID:holiday-20270801-20270831-2027-28@datepatterns
DTSTAMP:20260201T200625Z
DTSTART;VALUE=DATE:20270801
DTEND;VALUE=DATE:20270901
SUMMARY:Sheffield: PROVISIONAL Summer holiday
STATUS:TENTATIVE
END:VEVENT
BEGIN:VEVENT
UID:holiday-20271023-20271031-2027-28@datepatterns
DTSTAMP:20260201T200625Z
DTSTART;VALUE=DATE:20271023
DTEND;VALUE=DATE:20271101
SUMMARY:Sheffield: PROVISIONAL School holiday
STATUS:TENTATIVE
END:VEVENT
BEGIN:VEVENT
UID:holiday-20271218-20280103-2027-28@datepatterns
DTSTAMP:20260201T200625Z
DTSTART;VALUE=DATE:20271218
DTEND;VALUE=DATE:20280104
SUMMARY:Sheffield: PROVISIONAL Christmas holiday
STATUS:TENTATIVE
END:VEVENT
BEGIN:VEVENT
UID:holiday-20280212-20280220-2027-28@datepatterns
DTSTAMP:20260201T200625Z
DTSTART;VALUE=DATE:20280212
DTEND;VALUE=DATE:20280221
SUMMARY:Sheffield: PROVISIONAL February half-term
STATUS:TENTATIVE
END:VEVENT
BEGIN:VEVENT
UID:holiday-20280401-20280417-2027-28@datepatterns
DTSTAMP:20260201T200625Z
DTSTART;VALUE=DATE:20280401
DTEND;VALUE=DATE:20280418
SUMMARY:Sheffield: PROVISIONAL Easter holiday
STATUS:TENTATIVE
END:VEVENT
BEGIN:VEVENT
UID:holiday-20280528-20280604-2027-28@datepatterns
DTSTAMP:20260201T200625Z
DTSTART;VALUE=DATE:20280528
DTEND;VALUE=DATE:20280605
SUMMARY:Sheffield: PROVISIONAL May half-term
STATUS:TENTATIVE
END:VEVENT
BEGIN:VEVENT
UID:holiday-20280722-20280731-2027-28@datepatterns
DTSTAMP:20260201T200625Z
DTSTART;VALUE=DATE:20280722
DTEND;VALUE=DATE:20280801
SUMMARY:Sheffield: PROVISIONAL Summer holiday
STATUS:TENTATIVE
END:VEVENT
BEGIN:VEVENT
UID:bank-20270830-2027-28@datepatterns
DTSTAMP:20260201T200625Z
DTSTART;VALUE=DATE:20270830
DTEND;VALUE=DATE:20270831
SUMMARY:Sheffield: PROVISIONAL Bank holiday
STATUS:TENTATIVE
END:VEVENT
BEGIN:VEVENT
UID:bank-20271227-2027-28@datepatterns
DTSTAMP:20260201T200625Z
DTSTART;VALUE=DATE:20271227
DTEND;VALUE=DATE:20271228
SUMMARY:Sheffield: PROVISIONAL Bank holiday
STATUS:TENTATIVE
END:VEVENT
BEGIN:VEVENT
UID:bank-20271228-2027-28@datepatterns
DTSTAMP:20260201T200625Z
DTSTART;VALUE=DATE:20271228
DTEND;VALUE=DATE:20271229
SUMMARY:Sheffield: PROVISIONAL Bank holiday
STATUS:TENTATIVE
END:VEVENT
BEGIN:VEVENT
UID:bank-20280103-2027-28@datepatterns
DTSTAMP:20260201T200625Z
DTSTART;VALUE=DATE:20280103
DTEND;VALUE=DATE:20280104
SUMMARY:Sheffield: PROVISIONAL Bank holiday
STATUS:TENTATIVE
END:VEVENT
BEGIN:VEVENT
UID:bank-20280414-2027-28@datepatterns
DTSTAMP:20260201T200625Z
DTSTART;VALUE=DATE:20280414
DTEND;VALUE=DATE:20280415
SUMMARY:Sheffield: PROVISIONAL Bank holiday
STATUS:TENTATIVE
END:VEVENT
BEGIN:VEVENT
UID:bank-20280417-2027-28@datepatterns
DTSTAMP:20260201T200625Z
DTSTART;VALUE=DATE:20280417
DTEND;VALUE=DATE:20280418
SUMMARY:Sheffield: PROVISIONAL Bank holiday
STATUS:TENTATIVE
END:VEVENT
BEGIN:VEVENT
UID:bank-20280501-2027-28@datepatterns
DTSTAMP:20260201T200625Z
DTSTART;VALUE=DATE:20280501
DTEND;VALUE=DATE:20280502
SUMMARY:Sheffield: PROVISIONAL Bank holiday
STATUS:TENTATIVE
END:VEVENT
BEGIN:VEVENT
UID:bank-20280529-2027-28@datepatterns
DTSTAMP:20260201T200625Z
DTSTART;VALUE=DATE:20280529
DTEND;VALUE=DATE:20280530
SUMMARY:Sheffield: PROVISIONAL Bank holiday
STATUS:TENTATIVE
END:VEVENT
BEGIN:VEVENT
UID:holiday-20250801-20250831-2025-26@datepatterns
DTSTAMP:20260201T200625Z
DTSTART;VALUE=DATE:20250801
DTEND;VALUE=DATE:20250901
SUMMARY:Sheffield: Summer holiday
STATUS:CONFIRMED
END:VEVENT
BEGIN:VEVENT
UID:holiday-20251025-20251102-2025-26@datepatterns
DTSTAMP:20260201T200625Z
DTSTART;VALUE=DATE:20251025
DTEND;VALUE=DATE:20251103
SUMMARY:Sheffield: School holiday
STATUS:CONFIRMED
END:VEVENT
BEGIN:VEVENT
UID:holiday-20251220-20260104-2025-26@datepatterns
DTSTAMP:20260201T200625Z
DTSTART;VALUE=DATE:20251220
DTEND;VALUE=DATE:20260105
SUMMARY:Sheffield: Christmas holiday
STATUS:CONFIRMED
END:VEVENT
BEGIN:VEVENT
UID:holiday-20260214-20260222-2025-26@datepatterns
DTSTAMP:20260201T200625Z
DTSTART;VALUE=DATE:20260214
DTEND;VALUE=DATE:20260223
SUMMARY:Sheffield: February half-term
STATUS:CONFIRMED
END:VEVENT
BEGIN:VEVENT
UID:holiday-20260328-20260412-2025-26@datepatterns
DTSTAMP:20260201T200625Z
DTSTART;VALUE=DATE:20260328
DTEND;VALUE=DATE:20260413
SUMMARY:Sheffield: Easter holiday
STATUS:CONFIRMED
END:VEVENT
BEGIN:VEVENT
UID:holiday-20260523-20260531-2025-26@datepatterns
DTSTAMP:20260201T200625Z
DTSTART;VALUE=DATE:20260523
DTEND;VALUE=DATE:20260601
SUMMARY:Sheffield: May half-term
STATUS:CONFIRMED
END:VEVENT
BEGIN:VEVENT
UID:holiday-20260721-20260731-2025-26@datepatterns
DTSTAMP:20260201T200625Z
DTSTART;VALUE=DATE:20260721
DTEND;VALUE=DATE:20260801
SUMMARY:Sheffield: Summer holiday
STATUS:CONFIRMED
END:VEVENT
BEGIN:VEVENT
UID:bank-20250825-2025-26@datepatterns
DTSTAMP:20260201T200625Z
DTSTART;VALUE=DATE:20250825
DTEND;VALUE=DATE:20250826
SUMMARY:Sheffield: Bank holiday
STATUS:CONFIRMED
END:VEVENT
BEGIN:VEVENT
UID:bank-20251225-2025-26@datepatterns
DTSTAMP:20260201T200625Z
DTSTART;VALUE=DATE:20251225
DTEND;VALUE=DATE:20251226
SUMMARY:Sheffield: Bank holiday
STATUS:CONFIRMED
END:VEVENT
BEGIN:VEVENT
UID:bank-20251226-2025-26@datepatterns
DTSTAMP:20260201T200625Z
DTSTART;VALUE=DATE:20251226
DTEND;VALUE=DATE:20251227
SUMMARY:Sheffield: Bank holiday
STATUS:CONFIRMED
END:VEVENT
BEGIN:VEVENT
UID:bank-20260101-2025-26@datepatterns
DTSTAMP:20260201T200625Z
DTSTART;VALUE=DATE:20260101
DTEND;VALUE=DATE:20260102
SUMMARY:Sheffield: Bank holiday
STATUS:CONFIRMED
END:VEVENT
BEGIN:VEVENT
UID:bank-20260403-2025-26@datepatterns
DTSTAMP:20260201T200625Z
DTSTART;VALUE=DATE:20260403
DTEND;VALUE=DATE:20260404
SUMMARY:Sheffield: Bank holiday
STATUS:CONFIRMED
END:VEVENT
BEGIN:VEVENT
UID:bank-20260406-2025-26@datepatterns
DTSTAMP:20260201T200625Z
DTSTART;VALUE=DATE:20260406
DTEND;VALUE=DATE:20260407
SUMMARY:Sheffield: Bank holiday
STATUS:CONFIRMED
END:VEVENT
BEGIN:VEVENT
UID:bank-20260504-2025-26@datepatterns
DTSTAMP:20260201T200625Z
DTSTART;VALUE=DATE:20260504
DTEND;VALUE=DATE:20260505
SUMMARY:Sheffield: Bank holiday
STATUS:CONFIRMED
END:VEVENT
BEGIN:VEVENT
UID:bank-20260525-2025-26@datepatterns
DTSTAMP:20260201T200625Z
DTSTART;VALUE=DATE:20260525
DTEND;VALUE=DATE:20260526
SUMMARY:Sheffield: Bank holiday
STATUS:CONFIRMED
END:VEVENT
BEGIN:VEVENT
UID:holiday-20260801-20260831-2026-27@datepatterns
DTSTAMP:20260201T200625Z
DTSTART;VALUE=DATE:20260801
DTEND;VALUE=DATE:20260901
SUMMARY:Sheffield: Summer holiday
STATUS:CONFIRMED
END:VEVENT
BEGIN:VEVENT
UID:holiday-20261024-20261101-2026-27@datepatterns
DTSTAMP:20260201T200625Z
DTSTART;VALUE=DATE:20261024
DTEND;VALUE=DATE:20261102
SUMMARY:Sheffield: School holiday
STATUS:CONFIRMED
END:VEVENT
BEGIN:VEVENT
UID:holiday-20261219-20270103-2026-27@datepatterns
DTSTAMP:20260201T200625Z
DTSTART;VALUE=DATE:20261219
DTEND;VALUE=DATE:20270104
SUMMARY:Sheffield: Christmas holiday
STATUS:CONFIRMED
END:VEVENT
BEGIN:VEVENT
UID:holiday-20270213-20270221-2026-27@datepatterns
DTSTAMP:20260201T200625Z
DTSTART;VALUE=DATE:20270213
DTEND;VALUE=DATE:20270222
SUMMARY:Sheffield: February half-term
STATUS:CONFIRMED
END:VEVENT
BEGIN:VEVENT
UID:holiday-20270326-20270411-2026-27@datepatterns
DTSTAMP:20260201T200625Z
DTSTART;VALUE=DATE:20270326
DTEND;VALUE=DATE:20270412
SUMMARY:Sheffield: Easter holiday
STATUS:CONFIRMED
END:VEVENT
BEGIN:VEVENT
UID:holiday-20270529-20270606-2026-27@datepatterns
DTSTAMP:20260201T200625Z
DTSTART;VALUE=DATE:20270529
DTEND;VALUE=DATE:20270607
SUMMARY:Sheffield: May half-term
STATUS:CONFIRMED
END:VEVENT
BEGIN:VEVENT
UID:holiday-20270722-20270731-2026-27@datepatterns
DTSTAMP:20260201T200625Z
DTSTART;VALUE=DATE:20270722
DTEND;VALUE=DATE:20270801
SUMMARY:Sheffield: Summer holiday
STATUS:CONFIRMED
END:VEVENT
BEGIN:VEVENT
UID:bank-20260831-2026-27@datepatterns
DTSTAMP:20260201T200625Z
DTSTART;VALUE=DATE:20260831
DTEND;VALUE=DATE:20260901
SUMMARY:Sheffield: Bank holiday
STATUS:CONFIRMED
END:VEVENT
BEGIN:VEVENT
UID:bank-20261225-2026-27@datepatterns
DTSTAMP:20260201T200625Z
DTSTART;VALUE=DATE:20261225
DTEND;VALUE=DATE:20261226
SUMMARY:Sheffield: Bank holiday
STATUS:CONFIRMED
END:VEVENT
BEGIN:VEVENT
UID:bank-20261228-2026-27@datepatterns
DTSTAMP:20260201T200625Z
DTSTART;VALUE=DATE:20261228
DTEND;VALUE=DATE:20261229
SUMMARY:Sheffield: Bank holiday
STATUS:CONFIRMED
END:VEVENT
BEGIN:VEVENT
UID:bank-20270101-2026-27@datepatterns
DTSTAMP:20260201T200625Z
DTSTART;VALUE=DATE:20270101
DTEND;VALUE=DATE:20270102
SUMMARY:Sheffield: Bank holiday
STATUS:CONFIRMED
END:VEVENT
BEGIN:VEVENT
UID:bank-20270326-2026-27@datepatterns
DTSTAMP:20260201T200625Z
DTSTART;VALUE=DATE:20270326
DTEND;VALUE=DATE:20270327
SUMMARY:Sheffield: Bank holiday
STATUS:CONFIRMED
END:VEVENT
BEGIN:VEVENT
UID:bank-20270329-2026-27@datepatterns
DTSTAMP:20260201T200625Z
DTSTART;VALUE=DATE:20270329
DTEND;VALUE=DATE:20270330
SUMMARY:Sheffield: Bank holiday
STATUS:CONFIRMED
END:VEVENT
BEGIN:VEVENT
UID:bank-20270503-2026-27@datepatterns
DTSTAMP:20260201T200625Z
DTSTART;VALUE=DATE:20270503
DTEND;VALUE=DATE:20270504
SUMMARY:Sheffield: Bank holiday
STATUS:CONFIRMED
END:VEVENT
BEGIN:VEVENT
UID:bank-20270531-2026-27@datepatterns
DTSTAMP:20260201T200625Z
DTSTART;VALUE=DATE:20270531
DTEND;VALUE=DATE:20270601
SUMMARY:Sheffield: Bank holiday
STATUS:CONFIRMED
END:VEVENT
END:VCALENDAR
